web-scraper-order,web-scraper-start-url,footballers,,,appearances,goals,assists,yellow cards,second yellows,red cards,starting lineup percentage,minutes played percentage,goal participation percentage
1653101558-547,https://www.transfermarkt.co.uk/meisteeinsaetze/topscorer/statistik/2021/art//saison_id/2021/altersklasse//ausrichtung//spielerposition_id/0/land_id/0/filter/0/plus/1,Wissam Ben Yedder,,,36,24,5,3,-,-,76,74,46
1653101354-471,https://www.transfermarkt.co.uk/meisteeinsaetze/topscorer/statistik/2021/art//saison_id/2021/altersklasse//ausrichtung//spielerposition_id/0/land_id/0/filter/0/plus/1,Ben Kennedy,,,5,2,-,1,-,-,100,96,15
1653101622-572,https://www.transfermarkt.co.uk/meisteeinsaetze/topscorer/statistik/2021/art//saison_id/2021/altersklasse//ausrichtung//spielerposition_id/0/land_id/0/filter/0/plus/1,Martin Ádám,,,32,31,4,6,-,-,88,82,47
1653101297-450,https://www.transfermarkt.co.uk/meisteeinsaetze/topscorer/statistik/2021/art//saison_id/2021/altersklasse//ausrichtung//spielerposition_id/0/land_id/0/filter/0/plus/1,João Amaral,,,31,13,8,2,-,-,82,76,32
1653101143-393,https://www.transfermarkt.co.uk/meisteeinsaetze/topscorer/statistik/2021/art//saison_id/2021/altersklasse//ausrichtung//spielerposition_id/0/land_id/0/filter/0/plus/1,Gianluca Caprari,,,34,12,7,4,-,-,91,85,32
1653101155-398,https://www.transfermarkt.co.uk/meisteeinsaetze/topscorer/statistik/2021/art//saison_id/2021/altersklasse//ausrichtung//spielerposition_id/0/land_id/0/filter/0/plus/1,Jakub Kadak,,,4,3,1,-,-,-,33,32,17
1653100986-336,https://www.transfermarkt.co.uk/meisteeinsaetze/topscorer/statistik/2021/art//saison_id/2021/altersklasse//ausrichtung//spielerposition_id/0/land_id/0/filter/0/plus/1,Amine Gouiri,,,37,10,8,3,-,-,84,80,37
1653101244-430,https://www.transfermarkt.co.uk/meisteeinsaetze/topscorer/statistik/2021/art//saison_id/2021/altersklasse//ausrichtung//spielerposition_id/0/land_id/0/filter/0/plus/1,Jesús Jiménez,,,12,7,1,1,-,-,100,95,50
1653101145-394,https://www.transfermarkt.co.uk/meisteeinsaetze/topscorer/statistik/2021/art//saison_id/2021/altersklasse//ausrichtung//spielerposition_id/0/land_id/0/filter/0/plus/1,Alfredo Morelos,,,1,-,-,-,-,-,25,12,0
1653101022-349,https://www.transfermarkt.co.uk/meisteeinsaetze/topscorer/statistik/2021/art//saison_id/2021/altersklasse//ausrichtung//spielerposition_id/0/land_id/0/filter/0/plus/1,Max Kruse,,,30,12,6,1,-,-,88,79,33
1653101012-345,https://www.transfermarkt.co.uk/meisteeinsaetze/topscorer/statistik/2021/art//saison_id/2021/altersklasse//ausrichtung//spielerposition_id/0/land_id/0/filter/0/plus/1,Artem Dzyuba,,,27,11,7,-,-,-,59,58,27
1653101405-491,https://www.transfermarkt.co.uk/meisteeinsaetze/topscorer/statistik/2021/art//saison_id/2021/altersklasse//ausrichtung//spielerposition_id/0/land_id/0/filter/0/plus/1,Gaëtan Laborde,,,37,15,8,2,-,-,95,91,27
1653101485-518,https://www.transfermarkt.co.uk/meisteeinsaetze/topscorer/statistik/2021/art//saison_id/2021/altersklasse//ausrichtung//spielerposition_id/0/land_id/0/filter/0/plus/1,Cody Gakpo,,,26,12,13,-,-,-,65,62,29
1653101284-445,https://www.transfermarkt.co.uk/meisteeinsaetze/topscorer/statistik/2021/art//saison_id/2021/altersklasse//ausrichtung//spielerposition_id/0/land_id/0/filter/0/plus/1,István Bognár,,,3,-,-,-,-,-,60,44,0
1653101396-487,https://www.transfermarkt.co.uk/meisteeinsaetze/topscorer/statistik/2021/art//saison_id/2021/altersklasse//ausrichtung//spielerposition_id/0/land_id/0/filter/0/plus/1,Edin Visca,,,35,9,14,3,-,-,86,87,38
1653101138-391,https://www.transfermarkt.co.uk/meisteeinsaetze/topscorer/statistik/2021/art//saison_id/2021/altersklasse//ausrichtung//spielerposition_id/0/land_id/0/filter/0/plus/1,Caio Lucas,,,18,12,7,8,-,-,67,68,44
1653101127-387,https://www.transfermarkt.co.uk/meisteeinsaetze/topscorer/statistik/2021/art//saison_id/2021/altersklasse//ausrichtung//spielerposition_id/0/land_id/0/filter/0/plus/1,Kerem Aktürkoglu,,,37,10,9,5,-,-,87,84,37
1653101619-571,https://www.transfermarkt.co.uk/meisteeinsaetze/topscorer/statistik/2021/art//saison_id/2021/altersklasse//ausrichtung//spielerposition_id/0/land_id/0/filter/0/plus/1,Deniz Undav,,,5,1,3,1,-,-,100,100,80
1653101211-418,https://www.transfermarkt.co.uk/meisteeinsaetze/topscorer/statistik/2021/art//saison_id/2021/altersklasse//ausrichtung//spielerposition_id/0/land_id/0/filter/0/plus/1,Greg Stewart,,,19,10,10,5,-,-,90,88,48
1653101531-536,https://www.transfermarkt.co.uk/meisteeinsaetze/topscorer/statistik/2021/art//saison_id/2021/altersklasse//ausrichtung//spielerposition_id/0/land_id/0/filter/0/plus/1,Taisei Marukawa,,,32,17,10,2,-,-,88,90,48
1653101629-575,https://www.transfermarkt.co.uk/meisteeinsaetze/topscorer/statistik/2021/art//saison_id/2021/altersklasse//ausrichtung//spielerposition_id/0/land_id/0/filter/0/plus/1,Karim Benzema,,,31,27,12,-,-,-,79,73,49
1653100989-337,https://www.transfermarkt.co.uk/meisteeinsaetze/topscorer/statistik/2021/art//saison_id/2021/altersklasse//ausrichtung//spielerposition_id/0/land_id/0/filter/0/plus/1,Chijoke Nnamdi Akuneto,,,28,11,7,1,-,-,100,85,40
1653101445-503,https://www.transfermarkt.co.uk/meisteeinsaetze/topscorer/statistik/2021/art//saison_id/2021/altersklasse//ausrichtung//spielerposition_id/0/land_id/0/filter/0/plus/1,Jarrod Bowen,,,35,12,12,6,-,-,89,87,41
1653101223-423,https://www.transfermarkt.co.uk/meisteeinsaetze/topscorer/statistik/2021/art//saison_id/2021/altersklasse//ausrichtung//spielerposition_id/0/land_id/0/filter/0/plus/1,Jimmy Marín,,,20,3,3,1,-,-,64,63,20
1653101373-478,https://www.transfermarkt.co.uk/meisteeinsaetze/topscorer/statistik/2021/art//saison_id/2021/altersklasse//ausrichtung//spielerposition_id/0/land_id/0/filter/0/plus/1,Remzifaik Selmani,,,32,15,7,5,-,-,94,89,52
1653101500-524,https://www.transfermarkt.co.uk/meisteeinsaetze/topscorer/statistik/2021/art//saison_id/2021/altersklasse//ausrichtung//spielerposition_id/0/land_id/0/filter/0/plus/1,Conor McMenamin,,,2,-,1,-,-,-,33,37,13
1653101014-346,https://www.transfermarkt.co.uk/meisteeinsaetze/topscorer/statistik/2021/art//saison_id/2021/altersklasse//ausrichtung//spielerposition_id/0/land_id/0/filter/0/plus/1,Paulinho,,,29,11,7,10,-,-,79,78,25
1653101108-381,https://www.transfermarkt.co.uk/meisteeinsaetze/topscorer/statistik/2021/art//saison_id/2021/altersklasse//ausrichtung//spielerposition_id/0/land_id/0/filter/0/plus/1,Ronaldo Araya,,,19,5,6,4,-,-,86,71,24
1653101158-399,https://www.transfermarkt.co.uk/meisteeinsaetze/topscorer/statistik/2021/art//saison_id/2021/altersklasse//ausrichtung//spielerposition_id/0/land_id/0/filter/0/plus/1,Jason Cummings,,,20,10,6,2,-,-,95,86,38
1653101543-541,https://www.transfermarkt.co.uk/meisteeinsaetze/topscorer/statistik/2021/art//saison_id/2021/altersklasse//ausrichtung//spielerposition_id/0/land_id/0/filter/0/plus/1,Ilija Spasojević,,,34,23,4,2,-,-,100,91,47
1653101043-357,https://www.transfermarkt.co.uk/meisteeinsaetze/topscorer/statistik/2021/art//saison_id/2021/altersklasse//ausrichtung//spielerposition_id/0/land_id/0/filter/0/plus/1,Dorian Babunski,,,16,4,1,2,-,-,88,85,33
1653101193-412,https://www.transfermarkt.co.uk/meisteeinsaetze/topscorer/statistik/2021/art//saison_id/2021/altersklasse//ausrichtung//spielerposition_id/0/land_id/0/filter/0/plus/1,Willian Popp,,,29,15,4,7,-,-,97,94,41
1653101307-453,https://www.transfermarkt.co.uk/meisteeinsaetze/topscorer/statistik/2021/art//saison_id/2021/altersklasse//ausrichtung//spielerposition_id/0/land_id/0/filter/0/plus/1,Charles De Ketelaere,,,5,-,-,-,-,-,100,95,0
1653101490-520,https://www.transfermarkt.co.uk/meisteeinsaetze/topscorer/statistik/2021/art//saison_id/2021/altersklasse//ausrichtung//spielerposition_id/0/land_id/0/filter/0/plus/1,Yann Mabella,,,28,17,8,4,-,-,90,90,45
1653101432-499,https://www.transfermarkt.co.uk/meisteeinsaetze/topscorer/statistik/2021/art//saison_id/2021/altersklasse//ausrichtung//spielerposition_id/0/land_id/0/filter/0/plus/1,Miroslav Stevanovic,,,34,4,20,2,-,-,97,96,51
1653101636-577,https://www.transfermarkt.co.uk/meisteeinsaetze/topscorer/statistik/2021/art//saison_id/2021/altersklasse//ausrichtung//spielerposition_id/0/land_id/0/filter/0/plus/1,Kylian Mbappé,,,34,25,19,10,-,-,89,88,52
1653101196-413,https://www.transfermarkt.co.uk/meisteeinsaetze/topscorer/statistik/2021/art//saison_id/2021/altersklasse//ausrichtung//spielerposition_id/0/land_id/0/filter/0/plus/1,Simon Banza,,,29,14,3,6,-,1,90,87,40
1653101075-369,https://www.transfermarkt.co.uk/meisteeinsaetze/topscorer/statistik/2021/art//saison_id/2021/altersklasse//ausrichtung//spielerposition_id/0/land_id/0/filter/0/plus/1,Léandre Tawamba,,,27,16,2,2,-,-,96,96,45
1653101614-569,https://www.transfermarkt.co.uk/meisteeinsaetze/topscorer/statistik/2021/art//saison_id/2021/altersklasse//ausrichtung//spielerposition_id/0/land_id/0/filter/0/plus/1,Dejvid Sinani,,,26,18,17,4,-,-,90,82,47
1653101386-483,https://www.transfermarkt.co.uk/meisteeinsaetze/topscorer/statistik/2021/art//saison_id/2021/altersklasse//ausrichtung//spielerposition_id/0/land_id/0/filter/0/plus/1,Giovanni Simeone,,,35,16,6,8,-,-,84,78,35
1653101563-549,https://www.transfermarkt.co.uk/meisteeinsaetze/topscorer/statistik/2021/art//saison_id/2021/altersklasse//ausrichtung//spielerposition_id/0/land_id/0/filter/0/plus/1,Dušan Vlahović,,,35,24,5,4,-,-,92,90,45
1653101316-457,https://www.transfermarkt.co.uk/meisteeinsaetze/topscorer/statistik/2021/art//saison_id/2021/altersklasse//ausrichtung//spielerposition_id/0/land_id/0/filter/0/plus/1,Nenad Lukic,,,32,15,3,5,-,-,85,83,38
1653101632-576,https://www.transfermarkt.co.uk/meisteeinsaetze/topscorer/statistik/2021/art//saison_id/2021/altersklasse//ausrichtung//spielerposition_id/0/land_id/0/filter/0/plus/1,Robert Lewandowski,,,34,35,4,2,-,-,100,96,40
1653101024-350,https://www.transfermarkt.co.uk/meisteeinsaetze/topscorer/statistik/2021/art//saison_id/2021/altersklasse//ausrichtung//spielerposition_id/0/land_id/0/filter/0/plus/1,Jan Kuchta,,,9,3,2,1,-,1,73,66,28
1653101346-468,https://www.transfermarkt.co.uk/meisteeinsaetze/topscorer/statistik/2021/art//saison_id/2021/altersklasse//ausrichtung//spielerposition_id/0/land_id/0/filter/0/plus/1,Franck Etouga,,,24,19,2,1,-,-,79,77,53
1653101189-410,https://www.transfermarkt.co.uk/meisteeinsaetze/topscorer/statistik/2021/art//saison_id/2021/altersklasse//ausrichtung//spielerposition_id/0/land_id/0/filter/0/plus/1,Victor Osimhen,,,26,14,5,5,-,1,62,59,27
1653101150-396,https://www.transfermarkt.co.uk/meisteeinsaetze/topscorer/statistik/2021/art//saison_id/2021/altersklasse//ausrichtung//spielerposition_id/0/land_id/0/filter/0/plus/1,Barnabás Varga,,,29,13,6,8,-,-,76,71,56
1653101627-574,https://www.transfermarkt.co.uk/meisteeinsaetze/topscorer/statistik/2021/art//saison_id/2021/altersklasse//ausrichtung//spielerposition_id/0/land_id/0/filter/0/plus/1,Nemanja Bilbija,,,30,31,7,2,-,-,97,96,54
1653100978-333,https://www.transfermarkt.co.uk/meisteeinsaetze/topscorer/statistik/2021/art//saison_id/2021/altersklasse//ausrichtung//spielerposition_id/0/land_id/0/filter/0/plus/1,Ivan Delic,,,34,10,8,3,-,-,81,78,39
1653101460-508,https://www.transfermarkt.co.uk/meisteeinsaetze/topscorer/statistik/2021/art//saison_id/2021/altersklasse//ausrichtung//spielerposition_id/0/land_id/0/filter/0/plus/1,Iago Aspas,,,36,18,6,8,-,-,95,90,56
1653101398-488,https://www.transfermarkt.co.uk/meisteeinsaetze/topscorer/statistik/2021/art//saison_id/2021/altersklasse//ausrichtung//spielerposition_id/0/land_id/0/filter/0/plus/1,Benjamin Bourigeaud,,,37,10,13,2,-,-,100,94,29
1653101262-437,https://www.transfermarkt.co.uk/meisteeinsaetze/topscorer/statistik/2021/art//saison_id/2021/altersklasse//ausrichtung//spielerposition_id/0/land_id/0/filter/0/plus/1,Germán Berterame,,,17,7,3,3,-,-,100,96,48
1653101522-532,https://www.transfermarkt.co.uk/meisteeinsaetze/topscorer/statistik/2021/art//saison_id/2021/altersklasse//ausrichtung//spielerposition_id/0/land_id/0/filter/0/plus/1,Declan McManus,,,22,21,5,4,-,-,100,98,43
1653101299-451,https://www.transfermarkt.co.uk/meisteeinsaetze/topscorer/statistik/2021/art//saison_id/2021/altersklasse//ausrichtung//spielerposition_id/0/land_id/0/filter/0/plus/1,Hugo Cuypers,,,5,-,2,1,-,-,100,97,33
1653101116-383,https://www.transfermarkt.co.uk/meisteeinsaetze/topscorer/statistik/2021/art//saison_id/2021/altersklasse//ausrichtung//spielerposition_id/0/land_id/0/filter/0/plus/1,Valmir Veliu,,,30,9,10,6,1,-,69,67,34
1653101403-490,https://www.transfermarkt.co.uk/meisteeinsaetze/topscorer/statistik/2021/art//saison_id/2021/altersklasse//ausrichtung//spielerposition_id/0/land_id/0/filter/0/plus/1,Joshua Zirkzee,,,5,1,3,-,-,-,100,73,57
1653101089-374,https://www.transfermarkt.co.uk/meisteeinsaetze/topscorer/statistik/2021/art//saison_id/2021/altersklasse//ausrichtung//spielerposition_id/0/land_id/0/filter/0/plus/1,Bafétimbi Gomis,,,14,9,-,2,-,-,60,60,39
1653101051-360,https://www.transfermarkt.co.uk/meisteeinsaetze/topscorer/statistik/2021/art//saison_id/2021/altersklasse//ausrichtung//spielerposition_id/0/land_id/0/filter/0/plus/1,Aleksandar Pesic,,,30,14,4,3,-,-,73,72,38
1653101132-389,https://www.transfermarkt.co.uk/meisteeinsaetze/topscorer/statistik/2021/art//saison_id/2021/altersklasse//ausrichtung//spielerposition_id/0/land_id/0/filter/0/plus/1,Adnan Dzafic,,,27,11,8,11,1,-,77,77,40
1653101186-409,https://www.transfermarkt.co.uk/meisteeinsaetze/topscorer/statistik/2021/art//saison_id/2021/altersklasse//ausrichtung//spielerposition_id/0/land_id/0/filter/0/plus/1,Michy Batshuayi,,,32,14,5,6,-,-,78,74,37
1653101206-416,https://www.transfermarkt.co.uk/meisteeinsaetze/topscorer/statistik/2021/art//saison_id/2021/altersklasse//ausrichtung//spielerposition_id/0/land_id/0/filter/0/plus/1,Jomal Williams,,,20,5,-,1,1,-,64,71,22
1653101419-494,https://www.transfermarkt.co.uk/meisteeinsaetze/topscorer/statistik/2021/art//saison_id/2021/altersklasse//ausrichtung//spielerposition_id/0/land_id/0/filter/0/plus/1,Romarinho,,,26,17,6,2,-,-,100,96,40
1653101524-533,https://www.transfermarkt.co.uk/meisteeinsaetze/topscorer/statistik/2021/art//saison_id/2021/altersklasse//ausrichtung//spielerposition_id/0/land_id/0/filter/0/plus/1,Serges Deblé,,,28,21,5,-,1,1,81,77,43
1653101448-504,https://www.transfermarkt.co.uk/meisteeinsaetze/topscorer/statistik/2021/art//saison_id/2021/altersklasse//ausrichtung//spielerposition_id/0/land_id/0/filter/0/plus/1,Omar Khribin,,,23,14,10,2,-,-,92,94,51
1653101067-366,https://www.transfermarkt.co.uk/meisteeinsaetze/topscorer/statistik/2021/art//saison_id/2021/altersklasse//ausrichtung//spielerposition_id/0/land_id/0/filter/0/plus/1,Andy Delort,,,34,15,3,3,-,-,74,77,34
1653101169-403,https://www.transfermarkt.co.uk/meisteeinsaetze/topscorer/statistik/2021/art//saison_id/2021/altersklasse//ausrichtung//spielerposition_id/0/land_id/0/filter/0/plus/1,José Luis Morales,,,34,13,6,7,-,-,79,77,37
1653101475-514,https://www.transfermarkt.co.uk/meisteeinsaetze/topscorer/statistik/2021/art//saison_id/2021/altersklasse//ausrichtung//spielerposition_id/0/land_id/0/filter/0/plus/1,Odion Ighalo,,,3,3,-,-,-,-,75,66,27
1653101454-506,https://www.transfermarkt.co.uk/meisteeinsaetze/topscorer/statistik/2021/art//saison_id/2021/altersklasse//ausrichtung//spielerposition_id/0/land_id/0/filter/0/plus/1,Harry Kane,,,36,16,8,5,-,-,95,94,38
1653101091-375,https://www.transfermarkt.co.uk/meisteeinsaetze/topscorer/statistik/2021/art//saison_id/2021/altersklasse//ausrichtung//spielerposition_id/0/land_id/0/filter/0/plus/1,James Tavernier,,,3,2,-,-,-,-,75,77,17
1653101604-565,https://www.transfermarkt.co.uk/meisteeinsaetze/topscorer/statistik/2021/art//saison_id/2021/altersklasse//ausrichtung//spielerposition_id/0/land_id/0/filter/0/plus/1,Jay Donnelly,,,2,1,-,-,-,-,67,67,13
1653101344-467,https://www.transfermarkt.co.uk/meisteeinsaetze/topscorer/statistik/2021/art//saison_id/2021/altersklasse//ausrichtung//spielerposition_id/0/land_id/0/filter/0/plus/1,Gerhard Progni,,,31,19,2,1,-,-,89,88,37
1653101512-528,https://www.transfermarkt.co.uk/meisteeinsaetze/topscorer/statistik/2021/art//saison_id/2021/altersklasse//ausrichtung//spielerposition_id/0/land_id/0/filter/0/plus/1,Mayron de Almeida,,,25,13,13,2,-,-,96,93,43
1653101573-553,https://www.transfermarkt.co.uk/meisteeinsaetze/topscorer/statistik/2021/art//saison_id/2021/altersklasse//ausrichtung//spielerposition_id/0/land_id/0/filter/0/plus/1,Akram Afif,,,18,13,17,2,-,1,77,70,38
1653100998-341,https://www.transfermarkt.co.uk/meisteeinsaetze/topscorer/statistik/2021/art//saison_id/2021/altersklasse//ausrichtung//spielerposition_id/0/land_id/0/filter/0/plus/1,Eran Zahavi,,,24,11,7,-,-,-,62,50,21
1653101429-498,https://www.transfermarkt.co.uk/meisteeinsaetze/topscorer/statistik/2021/art//saison_id/2021/altersklasse//ausrichtung//spielerposition_id/0/land_id/0/filter/0/plus/1,Isaac Acuña,,,19,12,-,4,1,-,86,83,33
1653101257-435,https://www.transfermarkt.co.uk/meisteeinsaetze/topscorer/statistik/2021/art//saison_id/2021/altersklasse//ausrichtung//spielerposition_id/0/land_id/0/filter/0/plus/1,Yendrick Ruiz,,,19,6,3,3,-,-,64,56,28
1653101427-497,https://www.transfermarkt.co.uk/meisteeinsaetze/topscorer/statistik/2021/art//saison_id/2021/altersklasse//ausrichtung//spielerposition_id/0/land_id/0/filter/0/plus/1,Ramiro Rocca,,,-,-,-,-,-,-,0,0,0
1653101364-475,https://www.transfermarkt.co.uk/meisteeinsaetze/topscorer/statistik/2021/art//saison_id/2021/altersklasse//ausrichtung//spielerposition_id/0/land_id/0/filter/0/plus/1,Edgar Medrano,,,2,-,-,1,-,-,67,66,0
1653100967-329,https://www.transfermarkt.co.uk/meisteeinsaetze/topscorer/statistik/2021/art//saison_id/2021/altersklasse//ausrichtung//spielerposition_id/0/land_id/0/filter/0/plus/1,Hans Vanaken,,,5,2,-,-,-,-,100,100,29
1653101580-556,https://www.transfermarkt.co.uk/meisteeinsaetze/topscorer/statistik/2021/art//saison_id/2021/altersklasse//ausrichtung//spielerposition_id/0/land_id/0/filter/0/plus/1,Heung-min Son,,,34,21,9,1,-,-,92,88,47
1653101010-344,https://www.transfermarkt.co.uk/meisteeinsaetze/topscorer/statistik/2021/art//saison_id/2021/altersklasse//ausrichtung//spielerposition_id/0/land_id/0/filter/0/plus/1,Kelvin Yeboah,,,16,-,2,2,-,-,47,50,29
1653101056-362,https://www.transfermarkt.co.uk/meisteeinsaetze/topscorer/statistik/2021/art//saison_id/2021/altersklasse//ausrichtung//spielerposition_id/0/land_id/0/filter/0/plus/1,Bladimir Díaz,,,18,9,3,1,-,-,59,63,39
1653101239-428,https://www.transfermarkt.co.uk/meisteeinsaetze/topscorer/statistik/2021/art//saison_id/2021/altersklasse//ausrichtung//spielerposition_id/0/land_id/0/filter/0/plus/1,Serge Gnabry,,,34,14,6,-,-,-,74,72,21
1653101480-516,https://www.transfermarkt.co.uk/meisteeinsaetze/topscorer/statistik/2021/art//saison_id/2021/altersklasse//ausrichtung//spielerposition_id/0/land_id/0/filter/0/plus/1,Lautaro Martínez,,,34,21,3,6,-,-,73,66,30
1653101096-377,https://www.transfermarkt.co.uk/meisteeinsaetze/topscorer/statistik/2021/art//saison_id/2021/altersklasse//ausrichtung//spielerposition_id/0/land_id/0/filter/0/plus/1,Antonio Candreva,,,35,7,12,6,-,1,95,92,41
1653100965-328,https://www.transfermarkt.co.uk/meisteeinsaetze/topscorer/statistik/2021/art//saison_id/2021/altersklasse//ausrichtung//spielerposition_id/0/land_id/0/filter/0/plus/1,Noah Okafor,,,21,9,9,1,-,-,35,34,24
1653101478-515,https://www.transfermarkt.co.uk/meisteeinsaetze/topscorer/statistik/2021/art//saison_id/2021/altersklasse//ausrichtung//spielerposition_id/0/land_id/0/filter/0/plus/1,Josip Drmic,,,30,21,3,3,-,1,83,80,34
1653101124-386,https://www.transfermarkt.co.uk/meisteeinsaetze/topscorer/statistik/2021/art//saison_id/2021/altersklasse//ausrichtung//spielerposition_id/0/land_id/0/filter/0/plus/1,Dia Saba,,,23,10,9,1,1,-,96,94,49
1653101070-367,https://www.transfermarkt.co.uk/meisteeinsaetze/topscorer/statistik/2021/art//saison_id/2021/altersklasse//ausrichtung//spielerposition_id/0/land_id/0/filter/0/plus/1,Ibson Melo,,,29,16,2,2,-,-,97,97,60
1653101176-406,https://www.transfermarkt.co.uk/meisteeinsaetze/topscorer/statistik/2021/art//saison_id/2021/altersklasse//ausrichtung//spielerposition_id/0/land_id/0/filter/0/plus/1,Supachai Chaided,,,4,1,-,-,-,-,0,33,5
1653101391-485,https://www.transfermarkt.co.uk/meisteeinsaetze/topscorer/statistik/2021/art//saison_id/2021/altersklasse//ausrichtung//spielerposition_id/0/land_id/0/filter/0/plus/1,Paul Onuachu,,,5,2,-,-,-,-,80,83,20
1653101440-502,https://www.transfermarkt.co.uk/meisteeinsaetze/topscorer/statistik/2021/art//saison_id/2021/altersklasse//ausrichtung//spielerposition_id/0/land_id/0/filter/0/plus/1,Kady,,,23,11,13,3,-,-,74,74,35
1653101487-519,https://www.transfermarkt.co.uk/meisteeinsaetze/topscorer/statistik/2021/art//saison_id/2021/altersklasse//ausrichtung//spielerposition_id/0/land_id/0/filter/0/plus/1,Moussa Diaby,,,32,13,12,8,1,-,94,91,31
1653101381-481,https://www.transfermarkt.co.uk/meisteeinsaetze/topscorer/statistik/2021/art//saison_id/2021/altersklasse//ausrichtung//spielerposition_id/0/land_id/0/filter/0/plus/1,Ricky van Wolfswinkel,,,31,16,6,6,-,-,88,84,40
1653101007-343,https://www.transfermarkt.co.uk/meisteeinsaetze/topscorer/statistik/2021/art//saison_id/2021/altersklasse//ausrichtung//spielerposition_id/0/land_id/0/filter/0/plus/1,Julián Quiñones,,,3,1,-,1,-,-,100,99,17
1653101083-372,https://www.transfermarkt.co.uk/meisteeinsaetze/topscorer/statistik/2021/art//saison_id/2021/altersklasse//ausrichtung//spielerposition_id/0/land_id/0/filter/0/plus/1,Bartholomew Ogbeche,,,17,17,1,4,-,-,85,80,42
1653100972-331,https://www.transfermarkt.co.uk/meisteeinsaetze/topscorer/statistik/2021/art//saison_id/2021/altersklasse//ausrichtung//spielerposition_id/0/land_id/0/filter/0/plus/1,Luis Muriel,,,27,9,9,1,-,-,46,46,28
1653101218-421,https://www.transfermarkt.co.uk/meisteeinsaetze/topscorer/statistik/2021/art//saison_id/2021/altersklasse//ausrichtung//spielerposition_id/0/land_id/0/filter/0/plus/1,Lorenzo Insigne,,,31,11,9,2,-,-,76,69,28
1653101599-563,https://www.transfermarkt.co.uk/meisteeinsaetze/topscorer/statistik/2021/art//saison_id/2021/altersklasse//ausrichtung//spielerposition_id/0/land_id/0/filter/0/plus/1,Dusan Tadić,,,34,13,19,2,-,-,100,96,33
1653101421-495,https://www.transfermarkt.co.uk/meisteeinsaetze/topscorer/statistik/2021/art//saison_id/2021/altersklasse//ausrichtung//spielerposition_id/0/land_id/0/filter/0/plus/1,Jordy Soladio,,,25,19,4,6,-,-,86,85,51
1653101216-420,https://www.transfermarkt.co.uk/meisteeinsaetze/topscorer/statistik/2021/art//saison_id/2021/altersklasse//ausrichtung//spielerposition_id/0/land_id/0/filter/0/plus/1,Robert Muric,,,29,11,9,1,-,-,71,67,29
1653101561-548,https://www.transfermarkt.co.uk/meisteeinsaetze/topscorer/statistik/2021/art//saison_id/2021/altersklasse//ausrichtung//spielerposition_id/0/land_id/0/filter/0/plus/1,Patrik Schick,,,27,24,5,-,-,-,76,68,36
1653101314-456,https://www.transfermarkt.co.uk/meisteeinsaetze/topscorer/statistik/2021/art//saison_id/2021/altersklasse//ausrichtung//spielerposition_id/0/land_id/0/filter/0/plus/1,Diogo Jota,,,34,15,6,3,-,-,70,70,23
1653101198-414,https://www.transfermarkt.co.uk/meisteeinsaetze/topscorer/statistik/2021/art//saison_id/2021/altersklasse//ausrichtung//spielerposition_id/0/land_id/0/filter/0/plus/1,Sadio Mané,,,33,15,4,5,-,-,84,82,21
1653101121-385,https://www.transfermarkt.co.uk/meisteeinsaetze/topscorer/statistik/2021/art//saison_id/2021/altersklasse//ausrichtung//spielerposition_id/0/land_id/0/filter/0/plus/1,Peter Campbell,,,28,10,9,-,-,1,82,75,41
1653101541-540,https://www.transfermarkt.co.uk/meisteeinsaetze/topscorer/statistik/2021/art//saison_id/2021/altersklasse//ausrichtung//spielerposition_id/0/land_id/0/filter/0/plus/1,Peter Shalulile,,,29,22,5,2,-,-,100,95,51
1653101609-567,https://www.transfermarkt.co.uk/meisteeinsaetze/topscorer/statistik/2021/art//saison_id/2021/altersklasse//ausrichtung//spielerposition_id/0/land_id/0/filter/0/plus/1,Mehdi Taremi,,,5,1,2,1,-,-,83,71,16
1653101231-426,https://www.transfermarkt.co.uk/meisteeinsaetze/topscorer/statistik/2021/art//saison_id/2021/altersklasse//ausrichtung//spielerposition_id/0/land_id/0/filter/0/plus/1,Mario Pasalic,,,36,13,7,3,-,-,62,58,31
1653101329-462,https://www.transfermarkt.co.uk/meisteeinsaetze/topscorer/statistik/2021/art//saison_id/2021/altersklasse//ausrichtung//spielerposition_id/0/land_id/0/filter/0/plus/1,Giacomo Vrioni,,,25,17,4,6,-,-,63,66,46
1653101254-434,https://www.transfermarkt.co.uk/meisteeinsaetze/topscorer/statistik/2021/art//saison_id/2021/altersklasse//ausrichtung//spielerposition_id/0/land_id/0/filter/0/plus/1,Peter Ebimobowei,,,15,16,4,2,-,-,100,100,71
1653101556-546,https://www.transfermarkt.co.uk/meisteeinsaetze/topscorer/statistik/2021/art//saison_id/2021/altersklasse//ausrichtung//spielerposition_id/0/land_id/0/filter/0/plus/1,Assan Ceesay,,,32,19,10,9,-,-,83,76,38
1653101393-486,https://www.transfermarkt.co.uk/meisteeinsaetze/topscorer/statistik/2021/art//saison_id/2021/altersklasse//ausrichtung//spielerposition_id/0/land_id/0/filter/0/plus/1,Junya Ito,,,4,-,3,-,-,-,80,77,30
1653101309-454,https://www.transfermarkt.co.uk/meisteeinsaetze/topscorer/statistik/2021/art//saison_id/2021/altersklasse//ausrichtung//spielerposition_id/0/land_id/0/filter/0/plus/1,Kenan Kodro,,,27,15,6,4,-,-,83,82,48
1653101252-433,https://www.transfermarkt.co.uk/meisteeinsaetze/topscorer/statistik/2021/art//saison_id/2021/altersklasse//ausrichtung//spielerposition_id/0/land_id/0/filter/0/plus/1,Andreas Buch,,,25,16,4,7,-,-,62,62,36
1653101470-512,https://www.transfermarkt.co.uk/meisteeinsaetze/topscorer/statistik/2021/art//saison_id/2021/altersklasse//ausrichtung//spielerposition_id/0/land_id/0/filter/0/plus/1,Anthony Modeste,,,32,20,4,4,-,-,91,86,46
1653101046-358,https://www.transfermarkt.co.uk/meisteeinsaetze/topscorer/statistik/2021/art//saison_id/2021/altersklasse//ausrichtung//spielerposition_id/0/land_id/0/filter/0/plus/1,Serdar Dursun,,,32,14,4,2,-,-,51,54,26
1653101119-384,https://www.transfermarkt.co.uk/meisteeinsaetze/topscorer/statistik/2021/art//saison_id/2021/altersklasse//ausrichtung//spielerposition_id/0/land_id/0/filter/0/plus/1,Kevin Volland,,,33,9,10,9,-,-,76,71,30
1653101281-444,https://www.transfermarkt.co.uk/meisteeinsaetze/topscorer/statistik/2021/art//saison_id/2021/altersklasse//ausrichtung//spielerposition_id/0/land_id/0/filter/0/plus/1,Pedro Báez,,,21,9,-,3,-,-,73,69,27
1653101048-359,https://www.transfermarkt.co.uk/meisteeinsaetze/topscorer/statistik/2021/art//saison_id/2021/altersklasse//ausrichtung//spielerposition_id/0/land_id/0/filter/0/plus/1,Dion Drena Beljo,,,33,14,4,3,-,-,81,84,43
1653101226-424,https://www.transfermarkt.co.uk/meisteeinsaetze/topscorer/statistik/2021/art//saison_id/2021/altersklasse//ausrichtung//spielerposition_id/0/land_id/0/filter/0/plus/1,Ludovic Ajorque,,,35,12,8,5,-,1,81,80,33
1653101247-431,https://www.transfermarkt.co.uk/meisteeinsaetze/topscorer/statistik/2021/art//saison_id/2021/altersklasse//ausrichtung//spielerposition_id/0/land_id/0/filter/0/plus/1,Andreas Cornelius,,,36,15,5,1,-,-,73,70,29
1653101093-376,https://www.transfermarkt.co.uk/meisteeinsaetze/topscorer/statistik/2021/art//saison_id/2021/altersklasse//ausrichtung//spielerposition_id/0/land_id/0/filter/0/plus/1,Lionel Messi,,,25,6,13,-,-,-,64,64,23
1653101234-427,https://www.transfermarkt.co.uk/meisteeinsaetze/topscorer/statistik/2021/art//saison_id/2021/altersklasse//ausrichtung//spielerposition_id/0/land_id/0/filter/0/plus/1,Jackson Muleka,,,13,12,5,2,-,-,77,83,52
1653101080-371,https://www.transfermarkt.co.uk/meisteeinsaetze/topscorer/statistik/2021/art//saison_id/2021/altersklasse//ausrichtung//spielerposition_id/0/land_id/0/filter/0/plus/1,Talisca,,,24,16,2,5,-,1,92,90,38
1653101566-550,https://www.transfermarkt.co.uk/meisteeinsaetze/topscorer/statistik/2021/art//saison_id/2021/altersklasse//ausrichtung//spielerposition_id/0/land_id/0/filter/0/plus/1,Kodjo Fo Doh Laba,,,20,25,4,4,1,-,83,83,56
1653101384-482,https://www.transfermarkt.co.uk/meisteeinsaetze/topscorer/statistik/2021/art//saison_id/2021/altersklasse//ausrichtung//spielerposition_id/0/land_id/0/filter/0/plus/1,Arthur Cabral,,,13,2,2,1,-,-,53,55,25
1653101519-531,https://www.transfermarkt.co.uk/meisteeinsaetze/topscorer/statistik/2021/art//saison_id/2021/altersklasse//ausrichtung//spielerposition_id/0/land_id/0/filter/0/plus/1,Sunday Adetunji,,,28,20,6,8,-,-,93,86,43
1653101266-439,https://www.transfermarkt.co.uk/meisteeinsaetze/topscorer/statistik/2021/art//saison_id/2021/altersklasse//ausrichtung//spielerposition_id/0/land_id/0/filter/0/plus/1,Raúl de Tomás,,,34,17,3,5,1,1,89,88,50
1653101242-429,https://www.transfermarkt.co.uk/meisteeinsaetze/topscorer/statistik/2021/art//saison_id/2021/altersklasse//ausrichtung//spielerposition_id/0/land_id/0/filter/0/plus/1,Mohamed Ben Kacem,,,19,15,5,6,-,-,72,68,50
1653101517-530,https://www.transfermarkt.co.uk/meisteeinsaetze/topscorer/statistik/2021/art//saison_id/2021/altersklasse//ausrichtung//spielerposition_id/0/land_id/0/filter/0/plus/1,Bertino Cabral Barbosa,,,27,19,7,6,-,-,93,93,46
1653101324-460,https://www.transfermarkt.co.uk/meisteeinsaetze/topscorer/statistik/2021/art//saison_id/2021/altersklasse//ausrichtung//spielerposition_id/0/land_id/0/filter/0/plus/1,Juanmi,,,32,16,5,5,-,-,66,61,34
1653101172-404,https://www.transfermarkt.co.uk/meisteeinsaetze/topscorer/statistik/2021/art//saison_id/2021/altersklasse//ausrichtung//spielerposition_id/0/land_id/0/filter/0/plus/1,Álvaro Saborío,,,18,6,4,1,-,1,77,74,32
1653101019-348,https://www.transfermarkt.co.uk/meisteeinsaetze/topscorer/statistik/2021/art//saison_id/2021/altersklasse//ausrichtung//spielerposition_id/0/land_id/0/filter/0/plus/1,Rafael Leão,,,33,11,7,4,-,-,81,76,27
1653101514-529,https://www.transfermarkt.co.uk/meisteeinsaetze/topscorer/statistik/2021/art//saison_id/2021/altersklasse//ausrichtung//spielerposition_id/0/land_id/0/filter/0/plus/1,Luis Díaz,,,12,4,3,-,-,-,67,65,21
1653101174-405,https://www.transfermarkt.co.uk/meisteeinsaetze/topscorer/statistik/2021/art//saison_id/2021/altersklasse//ausrichtung//spielerposition_id/0/land_id/0/filter/0/plus/1,Ryan Curran,,,3,-,-,-,-,-,75,75,0
1653101272-441,https://www.transfermarkt.co.uk/meisteeinsaetze/topscorer/statistik/2021/art//saison_id/2021/altersklasse//ausrichtung//spielerposition_id/0/land_id/0/filter/0/plus/1,Loïs Openda,,,33,18,2,3,-,1,88,87,48
1653101583-557,https://www.transfermarkt.co.uk/meisteeinsaetze/topscorer/statistik/2021/art//saison_id/2021/altersklasse//ausrichtung//spielerposition_id/0/land_id/0/filter/0/plus/1,Ricardo Gomes,,,5,4,-,-,-,-,83,96,27
1653101437-501,https://www.transfermarkt.co.uk/meisteeinsaetze/topscorer/statistik/2021/art//saison_id/2021/altersklasse//ausrichtung//spielerposition_id/0/land_id/0/filter/0/plus/1,Rafa Silva,,,28,8,16,3,-,-,65,68,31
1653101311-455,https://www.transfermarkt.co.uk/meisteeinsaetze/topscorer/statistik/2021/art//saison_id/2021/altersklasse//ausrichtung//spielerposition_id/0/land_id/0/filter/0/plus/1,Nikola Storm,,,5,-,-,-,-,-,80,71,0
1653101467-511,https://www.transfermarkt.co.uk/meisteeinsaetze/topscorer/statistik/2021/art//saison_id/2021/altersklasse//ausrichtung//spielerposition_id/0/land_id/0/filter/0/plus/1,Karim Adeyemi,,,28,19,5,4,-,-,74,67,32
1653101601-564,https://www.transfermarkt.co.uk/meisteeinsaetze/topscorer/statistik/2021/art//saison_id/2021/altersklasse//ausrichtung//spielerposition_id/0/land_id/0/filter/0/plus/1,Domenico Berardi,,,32,15,17,9,-,-,86,83,50
1653101571-552,https://www.transfermarkt.co.uk/meisteeinsaetze/topscorer/statistik/2021/art//saison_id/2021/altersklasse//ausrichtung//spielerposition_id/0/land_id/0/filter/0/plus/1,Jakob Jantscher,,,29,13,17,2,-,-,87,76,50
1653101551-544,https://www.transfermarkt.co.uk/meisteeinsaetze/topscorer/statistik/2021/art//saison_id/2021/altersklasse//ausrichtung//spielerposition_id/0/land_id/0/filter/0/plus/1,Sébastien Haller,,,31,21,7,4,-,-,91,84,29
1653101072-368,https://www.transfermarkt.co.uk/meisteeinsaetze/topscorer/statistik/2021/art//saison_id/2021/altersklasse//ausrichtung//spielerposition_id/0/land_id/0/filter/0/plus/1,Djordje Jovanovic,,,9,3,-,-,-,-,78,83,23
1653101376-479,https://www.transfermarkt.co.uk/meisteeinsaetze/topscorer/statistik/2021/art//saison_id/2021/altersklasse//ausrichtung//spielerposition_id/0/land_id/0/filter/0/plus/1,Heberty,,,29,15,7,5,-,-,90,90,42
1653101546-542,https://www.transfermarkt.co.uk/meisteeinsaetze/topscorer/statistik/2021/art//saison_id/2021/altersklasse//ausrichtung//spielerposition_id/0/land_id/0/filter/0/plus/1,Duvier Riascos,,,16,8,2,3,-,-,80,77,63
1653101319-458,https://www.transfermarkt.co.uk/meisteeinsaetze/topscorer/statistik/2021/art//saison_id/2021/altersklasse//ausrichtung//spielerposition_id/0/land_id/0/filter/0/plus/1,Pieros Sotiriou,,,3,1,-,-,-,-,25,37,8
1653101165-402,https://www.transfermarkt.co.uk/meisteeinsaetze/topscorer/statistik/2021/art//saison_id/2021/altersklasse//ausrichtung//spielerposition_id/0/land_id/0/filter/0/plus/1,Faïz Selemani,,,29,13,6,4,-,-,82,82,44
1653101204-415,https://www.transfermarkt.co.uk/meisteeinsaetze/topscorer/statistik/2021/art//saison_id/2021/altersklasse//ausrichtung//spielerposition_id/0/land_id/0/filter/0/plus/1,Christy Manzinga,,,1,-,-,1,-,-,50,41,0
1653100994-339,https://www.transfermarkt.co.uk/meisteeinsaetze/topscorer/statistik/2021/art//saison_id/2021/altersklasse//ausrichtung//spielerposition_id/0/land_id/0/filter/0/plus/1,Mariano Torres,,,19,6,3,6,-,-,77,78,30
1653101457-507,https://www.transfermarkt.co.uk/meisteeinsaetze/topscorer/statistik/2021/art//saison_id/2021/altersklasse//ausrichtung//spielerposition_id/0/land_id/0/filter/0/plus/1,Mailson Lima,,,30,17,7,7,-,-,90,83,45
1653100970-330,https://www.transfermarkt.co.uk/meisteeinsaetze/topscorer/statistik/2021/art//saison_id/2021/altersklasse//ausrichtung//spielerposition_id/0/land_id/0/filter/0/plus/1,Lovro Majer,,,28,6,8,1,-,-,59,57,18
1653101289-447,https://www.transfermarkt.co.uk/meisteeinsaetze/topscorer/statistik/2021/art//saison_id/2021/altersklasse//ausrichtung//spielerposition_id/0/land_id/0/filter/0/plus/1,Mirza Mustafic,,,24,10,11,8,-,-,76,71,33
1653101576-554,https://www.transfermarkt.co.uk/meisteeinsaetze/topscorer/statistik/2021/art//saison_id/2021/altersklasse//ausrichtung//spielerposition_id/0/land_id/0/filter/0/plus/1,Vinicius Junior,,,34,17,13,6,-,-,76,76,38
1653101591-560,https://www.transfermarkt.co.uk/meisteeinsaetze/topscorer/statistik/2021/art//saison_id/2021/altersklasse//ausrichtung//spielerposition_id/0/land_id/0/filter/0/plus/1,Darwin Núñez,,,28,26,4,6,-,-,71,66,38
1653101493-521,https://www.transfermarkt.co.uk/meisteeinsaetze/topscorer/statistik/2021/art//saison_id/2021/altersklasse//ausrichtung//spielerposition_id/0/land_id/0/filter/0/plus/1,Ivi López,,,31,18,7,2,-,-,82,80,44
1653101179-407,https://www.transfermarkt.co.uk/meisteeinsaetze/topscorer/statistik/2021/art//saison_id/2021/altersklasse//ausrichtung//spielerposition_id/0/land_id/0/filter/0/plus/1,Artem Dovbyk,,,17,14,5,2,-,-,94,93,54
1653101103-379,https://www.transfermarkt.co.uk/meisteeinsaetze/topscorer/statistik/2021/art//saison_id/2021/altersklasse//ausrichtung//spielerposition_id/0/land_id/0/filter/0/plus/1,Noa Lang,,,5,-,2,1,-,-,100,92,29
1653101534-537,https://www.transfermarkt.co.uk/meisteeinsaetze/topscorer/statistik/2021/art//saison_id/2021/altersklasse//ausrichtung//spielerposition_id/0/land_id/0/filter/0/plus/1,Omer Atzili,,,8,1,-,1,-,-,100,84,10
1653101053-361,https://www.transfermarkt.co.uk/meisteeinsaetze/topscorer/statistik/2021/art//saison_id/2021/altersklasse//ausrichtung//spielerposition_id/0/land_id/0/filter/0/plus/1,Evanilson,,,6,7,-,1,1,-,100,82,37
1653101213-419,https://www.transfermarkt.co.uk/meisteeinsaetze/topscorer/statistik/2021/art//saison_id/2021/altersklasse//ausrichtung//spielerposition_id/0/land_id/0/filter/0/plus/1,Robinho,,,1,-,-,-,-,-,100,100,0
1653101606-566,https://www.transfermarkt.co.uk/meisteeinsaetze/topscorer/statistik/2021/art//saison_id/2021/altersklasse//ausrichtung//spielerposition_id/0/land_id/0/filter/0/plus/1,Vladimir Ambros,,,24,17,16,3,-,-,82,81,53
1653101597-562,https://www.transfermarkt.co.uk/meisteeinsaetze/topscorer/statistik/2021/art//saison_id/2021/altersklasse//ausrichtung//spielerposition_id/0/land_id/0/filter/0/plus/1,Marcel Hernández,,,18,15,3,4,-,1,77,78,40
1653101539-539,https://www.transfermarkt.co.uk/meisteeinsaetze/topscorer/statistik/2021/art//saison_id/2021/altersklasse//ausrichtung//spielerposition_id/0/land_id/0/filter/0/plus/1,Dominik Stolz,,,28,22,5,-,-,-,97,95,46
1653101181-408,https://www.transfermarkt.co.uk/meisteeinsaetze/topscorer/statistik/2021/art//saison_id/2021/altersklasse//ausrichtung//spielerposition_id/0/land_id/0/filter/0/plus/1,Joselu,,,37,14,5,-,-,-,95,94,61
1653101017-347,https://www.transfermarkt.co.uk/meisteeinsaetze/topscorer/statistik/2021/art//saison_id/2021/altersklasse//ausrichtung//spielerposition_id/0/land_id/0/filter/0/plus/1,James Maddison,,,34,11,7,3,-,-,73,72,31
1653101401-489,https://www.transfermarkt.co.uk/meisteeinsaetze/topscorer/statistik/2021/art//saison_id/2021/altersklasse//ausrichtung//spielerposition_id/0/land_id/0/filter/0/plus/1,Dante Vanzeir,,,5,1,-,-,-,-,100,89,20
1653100984-335,https://www.transfermarkt.co.uk/meisteeinsaetze/topscorer/statistik/2021/art//saison_id/2021/altersklasse//ausrichtung//spielerposition_id/0/land_id/0/filter/0/plus/1,Alassane Plea,,,33,10,8,4,-,-,71,68,33
1653101624-573,https://www.transfermarkt.co.uk/meisteeinsaetze/topscorer/statistik/2021/art//saison_id/2021/altersklasse//ausrichtung//spielerposition_id/0/land_id/0/filter/0/plus/1,Mohamed Salah,,,34,22,14,1,-,-,81,82,40
1653101003-342,https://www.transfermarkt.co.uk/meisteeinsaetze/topscorer/statistik/2021/art//saison_id/2021/altersklasse//ausrichtung//spielerposition_id/0/land_id/0/filter/0/plus/1,Francesco Caputo,,,37,11,7,1,-,-,86,86,37
1653101369-477,https://www.transfermarkt.co.uk/meisteeinsaetze/topscorer/statistik/2021/art//saison_id/2021/altersklasse//ausrichtung//spielerposition_id/0/land_id/0/filter/0/plus/1,Nadhir Benbouali,,,27,14,8,2,-,-,90,86,52
1653101451-505,https://www.transfermarkt.co.uk/meisteeinsaetze/topscorer/statistik/2021/art//saison_id/2021/altersklasse//ausrichtung//spielerposition_id/0/land_id/0/filter/0/plus/1,Taulant Seferi,,,32,15,9,4,-,-,91,95,39
1653101326-461,https://www.transfermarkt.co.uk/meisteeinsaetze/topscorer/statistik/2021/art//saison_id/2021/altersklasse//ausrichtung//spielerposition_id/0/land_id/0/filter/0/plus/1,Martin Mircevski,,,6,2,1,1,-,-,50,62,43
1653101498-523,https://www.transfermarkt.co.uk/meisteeinsaetze/topscorer/statistik/2021/art//saison_id/2021/altersklasse//ausrichtung//spielerposition_id/0/land_id/0/filter/0/plus/1,Shamar Nicholson,,,11,5,2,1,-,-,64,69,44
1653101536-538,https://www.transfermarkt.co.uk/meisteeinsaetze/topscorer/statistik/2021/art//saison_id/2021/altersklasse//ausrichtung//spielerposition_id/0/land_id/0/filter/0/plus/1,Ciro Alves,,,32,20,7,4,-,-,94,92,55
1653100991-338,https://www.transfermarkt.co.uk/meisteeinsaetze/topscorer/statistik/2021/art//saison_id/2021/altersklasse//ausrichtung//spielerposition_id/0/land_id/0/filter/0/plus/1,Antonio Pino,,,10,11,7,3,-,-,90,83,50
1653101411-493,https://www.transfermarkt.co.uk/meisteeinsaetze/topscorer/statistik/2021/art//saison_id/2021/altersklasse//ausrichtung//spielerposition_id/0/land_id/0/filter/0/plus/1,Mikael Ishak,,,29,17,6,4,-,-,88,86,35
1653101112-382,https://www.transfermarkt.co.uk/meisteeinsaetze/topscorer/statistik/2021/art//saison_id/2021/altersklasse//ausrichtung//spielerposition_id/0/land_id/0/filter/0/plus/1,Steven Berghuis,,,33,8,11,-,-,-,85,78,19
1653101331-463,https://www.transfermarkt.co.uk/meisteeinsaetze/topscorer/statistik/2021/art//saison_id/2021/altersklasse//ausrichtung//spielerposition_id/0/land_id/0/filter/0/plus/1,Tammy Abraham,,,37,17,4,9,-,-,95,91,36
1653101294-449,https://www.transfermarkt.co.uk/meisteeinsaetze/topscorer/statistik/2021/art//saison_id/2021/altersklasse//ausrichtung//spielerposition_id/0/land_id/0/filter/0/plus/1,Bryan Linssen,,,11,3,-,-,-,-,50,44,11
1653101527-534,https://www.transfermarkt.co.uk/meisteeinsaetze/topscorer/statistik/2021/art//saison_id/2021/altersklasse//ausrichtung//spielerposition_id/0/land_id/0/filter/0/plus/1,Jordan Siebatcheu,,,32,22,4,1,-,-,83,73,34
1653101495-522,https://www.transfermarkt.co.uk/meisteeinsaetze/topscorer/statistik/2021/art//saison_id/2021/altersklasse//ausrichtung//spielerposition_id/0/land_id/0/filter/0/plus/1,Umut Bozok,,,37,18,7,3,-,-,70,74,40
1653101617-570,https://www.transfermarkt.co.uk/meisteeinsaetze/topscorer/statistik/2021/art//saison_id/2021/altersklasse//ausrichtung//spielerposition_id/0/land_id/0/filter/0/plus/1,Christopher Nkunku,,,5,3,3,-,-,-,80,81,46
1653101505-526,https://www.transfermarkt.co.uk/meisteeinsaetze/topscorer/statistik/2021/art//saison_id/2021/altersklasse//ausrichtung//spielerposition_id/0/land_id/0/filter/0/plus/1,Freddy Álvarez,,,31,8,18,4,-,-,94,94,39
1653101249-432,https://www.transfermarkt.co.uk/meisteeinsaetze/topscorer/statistik/2021/art//saison_id/2021/altersklasse//ausrichtung//spielerposition_id/0/land_id/0/filter/0/plus/1,Hugo Firmino,,,29,16,4,5,-,-,81,81,40
1653101588-559,https://www.transfermarkt.co.uk/meisteeinsaetze/topscorer/statistik/2021/art//saison_id/2021/altersklasse//ausrichtung//spielerposition_id/0/land_id/0/filter/0/plus/1,Imre Badalassi,,,24,23,7,3,-,1,85,83,48
1653101359-473,https://www.transfermarkt.co.uk/meisteeinsaetze/topscorer/statistik/2021/art//saison_id/2021/altersklasse//ausrichtung//spielerposition_id/0/land_id/0/filter/0/plus/1,Anthony Nwakaeme,,,29,12,10,3,-,-,70,65,32
1653101191-411,https://www.transfermarkt.co.uk/meisteeinsaetze/topscorer/statistik/2021/art//saison_id/2021/altersklasse//ausrichtung//spielerposition_id/0/land_id/0/filter/0/plus/1,Allen Guevara,,,21,8,2,2,-,-,95,93,22
1653101340-466,https://www.transfermarkt.co.uk/meisteeinsaetze/topscorer/statistik/2021/art//saison_id/2021/altersklasse//ausrichtung//spielerposition_id/0/land_id/0/filter/0/plus/1,Cristiano Ronaldo,,,30,18,3,8,-,-,79,80,42
1653101027-351,https://www.transfermarkt.co.uk/meisteeinsaetze/topscorer/statistik/2021/art//saison_id/2021/altersklasse//ausrichtung//spielerposition_id/0/land_id/0/filter/0/plus/1,Neymar,,,21,12,6,9,-,-,57,54,21
1653101141-392,https://www.transfermarkt.co.uk/meisteeinsaetze/topscorer/statistik/2021/art//saison_id/2021/altersklasse//ausrichtung//spielerposition_id/0/land_id/0/filter/0/plus/1,Mirko Ivanic,,,5,4,-,-,-,-,83,63,31
1653101302-452,https://www.transfermarkt.co.uk/meisteeinsaetze/topscorer/statistik/2021/art//saison_id/2021/altersklasse//ausrichtung//spielerposition_id/0/land_id/0/filter/0/plus/1,Alexandru Maxim,,,31,14,7,7,-,-,74,73,44
1653101321-459,https://www.transfermarkt.co.uk/meisteeinsaetze/topscorer/statistik/2021/art//saison_id/2021/altersklasse//ausrichtung//spielerposition_id/0/land_id/0/filter/0/plus/1,Vangelis Pavlidis,,,33,16,5,6,-,-,94,82,33
1653101101-378,https://www.transfermarkt.co.uk/meisteeinsaetze/topscorer/statistik/2021/art//saison_id/2021/altersklasse//ausrichtung//spielerposition_id/0/land_id/0/filter/0/plus/1,Soufiane Rahimi,,,21,7,12,2,-,-,91,89,39
1653101034-353,https://www.transfermarkt.co.uk/meisteeinsaetze/topscorer/statistik/2021/art//saison_id/2021/altersklasse//ausrichtung//spielerposition_id/0/land_id/0/filter/0/plus/1,Maks Barisic,,,25,13,5,1,-,-,71,66,33
1653101162-401,https://www.transfermarkt.co.uk/meisteeinsaetze/topscorer/statistik/2021/art//saison_id/2021/altersklasse//ausrichtung//spielerposition_id/0/land_id/0/filter/0/plus/1,Ryan Mmaee,,,21,13,6,5,-,-,52,52,32
1653101352-470,https://www.transfermarkt.co.uk/meisteeinsaetze/topscorer/statistik/2021/art//saison_id/2021/altersklasse//ausrichtung//spielerposition_id/0/land_id/0/filter/0/plus/1,Jamie McDonagh,,,3,1,1,-,-,-,75,66,22
1653101462-509,https://www.transfermarkt.co.uk/meisteeinsaetze/topscorer/statistik/2021/art//saison_id/2021/altersklasse//ausrichtung//spielerposition_id/0/land_id/0/filter/0/plus/1,Tarik Tissoudali,,,4,2,1,-,-,-,60,64,38
1653101086-373,https://www.transfermarkt.co.uk/meisteeinsaetze/topscorer/statistik/2021/art//saison_id/2021/altersklasse//ausrichtung//spielerposition_id/0/land_id/0/filter/0/plus/1,Karol Angielski,,,33,17,1,1,1,-,76,77,44
1653101612-568,https://www.transfermarkt.co.uk/meisteeinsaetze/topscorer/statistik/2021/art//saison_id/2021/altersklasse//ausrichtung//spielerposition_id/0/land_id/0/filter/0/plus/1,Marko Livaja,,,33,27,7,7,-,-,94,94,54
1653101135-390,https://www.transfermarkt.co.uk/meisteeinsaetze/topscorer/statistik/2021/art//saison_id/2021/altersklasse//ausrichtung//spielerposition_id/0/land_id/0/filter/0/plus/1,Artur Abreu,,,25,12,7,7,-,-,86,84,50
1653100981-334,https://www.transfermarkt.co.uk/meisteeinsaetze/topscorer/statistik/2021/art//saison_id/2021/altersklasse//ausrichtung//spielerposition_id/0/land_id/0/filter/0/plus/1,Firas Ben Larbi,,,23,10,8,-,-,-,96,96,56
1653101078-370,https://www.transfermarkt.co.uk/meisteeinsaetze/topscorer/statistik/2021/art//saison_id/2021/altersklasse//ausrichtung//spielerposition_id/0/land_id/0/filter/0/plus/1,Ayoub El Kaabi,,,31,16,2,2,-,-,78,73,35
1653101366-476,https://www.transfermarkt.co.uk/meisteeinsaetze/topscorer/statistik/2021/art//saison_id/2021/altersklasse//ausrichtung//spielerposition_id/0/land_id/0/filter/0/plus/1,Adel Bettaieb,,,26,14,8,7,-,1,79,78,29
1653101036-354,https://www.transfermarkt.co.uk/meisteeinsaetze/topscorer/statistik/2021/art//saison_id/2021/altersklasse//ausrichtung//spielerposition_id/0/land_id/0/filter/0/plus/1,Baghdad Bounedjah,,,17,13,5,2,-,-,64,60,23
1653101585-558,https://www.transfermarkt.co.uk/meisteeinsaetze/topscorer/statistik/2021/art//saison_id/2021/altersklasse//ausrichtung//spielerposition_id/0/land_id/0/filter/0/plus/1,Erling Haaland,,,24,22,8,3,-,-,62,63,35
1653101594-561,https://www.transfermarkt.co.uk/meisteeinsaetze/topscorer/statistik/2021/art//saison_id/2021/altersklasse//ausrichtung//spielerposition_id/0/land_id/0/filter/0/plus/1,Ciro Immobile,,,31,27,3,4,-,-,84,82,41
1653101349-469,https://www.transfermarkt.co.uk/meisteeinsaetze/topscorer/statistik/2021/art//saison_id/2021/altersklasse//ausrichtung//spielerposition_id/0/land_id/0/filter/0/plus/1,Anthony Contreras,,,22,10,-,3,-,-,95,97,43
1653101334-464,https://www.transfermarkt.co.uk/meisteeinsaetze/topscorer/statistik/2021/art//saison_id/2021/altersklasse//ausrichtung//spielerposition_id/0/land_id/0/filter/0/plus/1,Nicolas Perez,,,26,18,3,5,-,-,86,87,41
1653101529-535,https://www.transfermarkt.co.uk/meisteeinsaetze/topscorer/statistik/2021/art//saison_id/2021/altersklasse//ausrichtung//spielerposition_id/0/land_id/0/filter/0/plus/1,Michael Frey,,,5,1,-,-,-,-,80,64,50
1653101160-400,https://www.transfermarkt.co.uk/meisteeinsaetze/topscorer/statistik/2021/art//saison_id/2021/altersklasse//ausrichtung//spielerposition_id/0/land_id/0/filter/0/plus/1,Antonio Marchesano,,,32,13,6,4,-,-,86,73,25
1653101221-422,https://www.transfermarkt.co.uk/meisteeinsaetze/topscorer/statistik/2021/art//saison_id/2021/altersklasse//ausrichtung//spielerposition_id/0/land_id/0/filter/0/plus/1,Gustavo,,,24,12,8,3,-,-,79,76,48
1653101264-438,https://www.transfermarkt.co.uk/meisteeinsaetze/topscorer/statistik/2021/art//saison_id/2021/altersklasse//ausrichtung//spielerposition_id/0/land_id/0/filter/0/plus/1,Samy Frioui,,,28,17,3,1,-,-,83,76,57
1653101502-525,https://www.transfermarkt.co.uk/meisteeinsaetze/topscorer/statistik/2021/art//saison_id/2021/altersklasse//ausrichtung//spielerposition_id/0/land_id/0/filter/0/plus/1,Martin Terrier,,,36,21,4,1,-,-,97,82,31
1653101578-555,https://www.transfermarkt.co.uk/meisteeinsaetze/topscorer/statistik/2021/art//saison_id/2021/altersklasse//ausrichtung//spielerposition_id/0/land_id/0/filter/0/plus/1,Aleksandar Katai,,,6,3,4,1,-,-,100,93,54
1653101362-474,https://www.transfermarkt.co.uk/meisteeinsaetze/topscorer/statistik/2021/art//saison_id/2021/altersklasse//ausrichtung//spielerposition_id/0/land_id/0/filter/0/plus/1,Dimitri Payet,,,31,12,10,3,-,-,76,78,37
1653101152-397,https://www.transfermarkt.co.uk/meisteeinsaetze/topscorer/statistik/2021/art//saison_id/2021/altersklasse//ausrichtung//spielerposition_id/0/land_id/0/filter/0/plus/1,Redon Xhixha,,,26,13,6,1,-,1,68,65,31
1653101038-355,https://www.transfermarkt.co.uk/meisteeinsaetze/topscorer/statistik/2021/art//saison_id/2021/altersklasse//ausrichtung//spielerposition_id/0/land_id/0/filter/0/plus/1,Mohamed Bayo,,,31,13,5,1,-,-,70,70,49
1653101482-517,https://www.transfermarkt.co.uk/meisteeinsaetze/topscorer/statistik/2021/art//saison_id/2021/altersklasse//ausrichtung//spielerposition_id/0/land_id/0/filter/0/plus/1,Randall Azofeifa,,,13,6,3,1,-,-,45,43,31
1653101130-388,https://www.transfermarkt.co.uk/meisteeinsaetze/topscorer/statistik/2021/art//saison_id/2021/altersklasse//ausrichtung//spielerposition_id/0/land_id/0/filter/0/plus/1,Igor Ivanovic,,,24,11,8,4,-,1,63,62,26
1653101336-465,https://www.transfermarkt.co.uk/meisteeinsaetze/topscorer/statistik/2021/art//saison_id/2021/altersklasse//ausrichtung//spielerposition_id/0/land_id/0/filter/0/plus/1,Saliou Guindo,,,32,18,3,1,-,-,91,90,44
1653101292-448,https://www.transfermarkt.co.uk/meisteeinsaetze/topscorer/statistik/2021/art//saison_id/2021/altersklasse//ausrichtung//spielerposition_id/0/land_id/0/filter/0/plus/1,Mason Mount,,,31,11,10,4,-,-,70,68,28
1653100975-332,https://www.transfermarkt.co.uk/meisteeinsaetze/topscorer/statistik/2021/art//saison_id/2021/altersklasse//ausrichtung//spielerposition_id/0/land_id/0/filter/0/plus/1,Dimitar Iliev,,,5,3,-,2,-,-,83,73,50
1653101041-356,https://www.transfermarkt.co.uk/meisteeinsaetze/topscorer/statistik/2021/art//saison_id/2021/altersklasse//ausrichtung//spielerposition_id/0/land_id/0/filter/0/plus/1,Raheem Sterling,,,29,13,5,1,-,-,62,63,19
1653101548-543,https://www.transfermarkt.co.uk/meisteeinsaetze/topscorer/statistik/2021/art//saison_id/2021/altersklasse//ausrichtung//spielerposition_id/0/land_id/0/filter/0/plus/1,Jesper Karlsson,,,34,15,13,3,-,-,100,95,44
1653101408-492,https://www.transfermarkt.co.uk/meisteeinsaetze/topscorer/statistik/2021/art//saison_id/2021/altersklasse//ausrichtung//spielerposition_id/0/land_id/0/filter/0/plus/1,Pablo Sarabia,,,29,15,7,7,-,-,87,77,34
1653101148-395,https://www.transfermarkt.co.uk/meisteeinsaetze/topscorer/statistik/2021/art//saison_id/2021/altersklasse//ausrichtung//spielerposition_id/0/land_id/0/filter/0/plus/1,Luis Sinisterra,,,10,6,4,1,-,-,83,86,36
1653101269-440,https://www.transfermarkt.co.uk/meisteeinsaetze/topscorer/statistik/2021/art//saison_id/2021/altersklasse//ausrichtung//spielerposition_id/0/land_id/0/filter/0/plus/1,Youssef Ezzejjari,,,32,18,2,3,-,-,91,88,61
1653101554-545,https://www.transfermarkt.co.uk/meisteeinsaetze/topscorer/statistik/2021/art//saison_id/2021/altersklasse//ausrichtung//spielerposition_id/0/land_id/0/filter/0/plus/1,Thomas Müller,,,32,8,21,-,-,-,94,84,30
1653101058-363,https://www.transfermarkt.co.uk/meisteeinsaetze/topscorer/statistik/2021/art//saison_id/2021/altersklasse//ausrichtung//spielerposition_id/0/land_id/0/filter/0/plus/1,Sergiu Istrati,,,24,15,3,4,-,-,48,59,37
1653101209-417,https://www.transfermarkt.co.uk/meisteeinsaetze/topscorer/statistik/2021/art//saison_id/2021/altersklasse//ausrichtung//spielerposition_id/0/land_id/0/filter/0/plus/1,Fábio Vieira,,,5,1,-,1,-,-,33,47,5
1653101278-443,https://www.transfermarkt.co.uk/meisteeinsaetze/topscorer/statistik/2021/art//saison_id/2021/altersklasse//ausrichtung//spielerposition_id/0/land_id/0/filter/0/plus/1,Gamid Agalarov,,,28,19,1,5,-,-,90,85,74
1653101568-551,https://www.transfermarkt.co.uk/meisteeinsaetze/topscorer/statistik/2021/art//saison_id/2021/altersklasse//ausrichtung//spielerposition_id/0/land_id/0/filter/0/plus/1,Matías Rotondi,,,2,2,-,-,-,-,67,67,50
1653101472-513,https://www.transfermarkt.co.uk/meisteeinsaetze/topscorer/statistik/2021/art//saison_id/2021/altersklasse//ausrichtung//spielerposition_id/0/land_id/0/filter/0/plus/1,Moussa Dembélé,,,29,20,4,5,-,-,65,64,38
1653101287-446,https://www.transfermarkt.co.uk/meisteeinsaetze/topscorer/statistik/2021/art//saison_id/2021/altersklasse//ausrichtung//spielerposition_id/0/land_id/0/filter/0/plus/1,Adam Hlozek,,,3,1,-,-,-,-,60,62,8
1653101379-480,https://www.transfermarkt.co.uk/meisteeinsaetze/topscorer/statistik/2021/art//saison_id/2021/altersklasse//ausrichtung//spielerposition_id/0/land_id/0/filter/0/plus/1,Kevin De Bruyne,,,29,15,7,2,-,-,65,64,23
1653101424-496,https://www.transfermarkt.co.uk/meisteeinsaetze/topscorer/statistik/2021/art//saison_id/2021/altersklasse//ausrichtung//spielerposition_id/0/land_id/0/filter/0/plus/1,Carlos Fortes,,,31,20,3,6,-,-,88,87,52
1653101275-442,https://www.transfermarkt.co.uk/meisteeinsaetze/topscorer/statistik/2021/art//saison_id/2021/altersklasse//ausrichtung//spielerposition_id/0/land_id/0/filter/0/plus/1,Kreshnik Uka,,,26,19,1,1,-,-,69,71,42
1653101435-500,https://www.transfermarkt.co.uk/meisteeinsaetze/topscorer/statistik/2021/art//saison_id/2021/altersklasse//ausrichtung//spielerposition_id/0/land_id/0/filter/0/plus/1,Javon East,,,9,3,4,1,-,1,41,39,25
1653101065-365,https://www.transfermarkt.co.uk/meisteeinsaetze/topscorer/statistik/2021/art//saison_id/2021/altersklasse//ausrichtung//spielerposition_id/0/land_id/0/filter/0/plus/1,Guus Til,,,9,-,2,3,-,1,75,65,7
1653101507-527,https://www.transfermarkt.co.uk/meisteeinsaetze/topscorer/statistik/2021/art//saison_id/2021/altersklasse//ausrichtung//spielerposition_id/0/land_id/0/filter/0/plus/1,Marco Reus,,,29,9,17,2,-,-,85,82,31
1653101465-510,https://www.transfermarkt.co.uk/meisteeinsaetze/topscorer/statistik/2021/art//saison_id/2021/altersklasse//ausrichtung//spielerposition_id/0/land_id/0/filter/0/plus/1,Ricardo Horta,,,32,19,5,4,-,-,91,91,46
1653101389-484,https://www.transfermarkt.co.uk/meisteeinsaetze/topscorer/statistik/2021/art//saison_id/2021/altersklasse//ausrichtung//spielerposition_id/0/land_id/0/filter/0/plus/1,Hamilton,,,28,19,3,8,-,-,90,89,52
1653100996-340,https://www.transfermarkt.co.uk/meisteeinsaetze/topscorer/statistik/2021/art//saison_id/2021/altersklasse//ausrichtung//spielerposition_id/0/land_id/0/filter/0/plus/1,Joy-Lance Mickels,,,24,11,7,5,1,-,85,81,44
1653101061-364,https://www.transfermarkt.co.uk/meisteeinsaetze/topscorer/statistik/2021/art//saison_id/2021/altersklasse//ausrichtung//spielerposition_id/0/land_id/0/filter/0/plus/1,Óscar Estupiñán,,,28,15,3,7,1,-,76,71,36
1653101228-425,https://www.transfermarkt.co.uk/meisteeinsaetze/topscorer/statistik/2021/art//saison_id/2021/altersklasse//ausrichtung//spielerposition_id/0/land_id/0/filter/0/plus/1,Edin Dzeko,,,36,13,7,2,-,-,73,74,25
1653101106-380,https://www.transfermarkt.co.uk/meisteeinsaetze/topscorer/statistik/2021/art//saison_id/2021/altersklasse//ausrichtung//spielerposition_id/0/land_id/0/filter/0/plus/1,Hakan Calhanoglu,,,33,7,12,11,-,-,86,73,23
1653101029-352,https://www.transfermarkt.co.uk/meisteeinsaetze/topscorer/statistik/2021/art//saison_id/2021/altersklasse//ausrichtung//spielerposition_id/0/land_id/0/filter/0/plus/1,Jurgen Degabriele,,,21,13,5,2,-,-,91,87,46
1653101357-472,https://www.transfermarkt.co.uk/meisteeinsaetze/topscorer/statistik/2021/art//saison_id/2021/altersklasse//ausrichtung//spielerposition_id/0/land_id/0/filter/0/plus/1,Sergej Milinković-Savić,,,36,11,11,4,1,-,95,91,30
1653101259-436,https://www.transfermarkt.co.uk/meisteeinsaetze/topscorer/statistik/2021/art//saison_id/2021/altersklasse//ausrichtung//spielerposition_id/0/land_id/0/filter/0/plus/1,Johan Venegas,,,16,10,3,5,-,1,68,67,36